{"min": [0.0, 0.0, 914665.4375, 1098398.25, 0.0, 0.0, 0.0, 0.0, 0.0, 0.0, 0.0, 0.0, 23.0, 0.0], "max": [0.2132338583469391, 0.17836765944957733, 3138791.0, 3352648.25, 390313.625, 420910.625, 143123.796875, 182079.171875, 179702.625, 224968.515625, 0.9191905856132507, 0.9108860492706299, 84.0, 1.0]}