{"min": [0.0, 0.0, 590451.1875, 828741.6875, 0.0, 0.0, 0.0, 0.0, 0.0, 0.0, 0.0, 0.0, 23.0, 0.0], "max": [0.6926002502441406, 0.6358414888381958, 3467976.25, 3589472.25, 779235.3125, 836218.875, 362108.875, 396554.0, 437784.53125, 499937.90625, 0.9191905856132507, 0.9156635403633118, 84.0, 1.0]}