{"min": [0.0, 0.0, 922662.125, 1065864.625, 0.0, 0.0, 0.0, 0.0, 0.0, 0.0, 0.0, 0.0, 0.0, 0.0, 916710.875, 1128051.5, 0.0, 0.0, 0.0, 0.0, 0.0, 0.0, 0.0, 0.0, 23.0, 0.0], "max": [0.6926002502441406, 0.5355812907218933, 2901131.5, 3394850.25, 779235.3125, 836218.875, 362108.875, 396554.0, 437784.53125, 499937.90625, 0.8031876087188721, 0.8611025214195251, 0.3986775875091553, 0.4408199191093445, 3265813.25, 3212906.75, 564993.6875, 714114.4375, 271888.6875, 350978.53125, 363274.5, 465643.90625, 0.8987432718276978, 0.8171988129615784, 82.0, 1.0]}