{"min": [0.0, 0.0, 916710.875, 1128051.5, 0.0, 0.0, 0.0, 0.0, 0.0, 0.0, 0.0, 0.0, 0.0, 0.0, 914665.4375, 1098398.25, 0.0, 0.0, 0.0, 0.0, 0.0, 0.0, 0.0, 0.0, 23.0, 0.0], "max": [0.4229716360569, 0.4408199191093445, 3265813.25, 3212906.75, 564993.6875, 714114.4375, 271888.6875, 350978.53125, 363274.5, 465643.90625, 0.8987432718276978, 0.8171988129615784, 0.2132338583469391, 0.17836765944957733, 3138791.0, 3352648.25, 390313.625, 420910.625, 143123.796875, 182079.171875, 179702.625, 224968.515625, 0.9191905856132507, 0.9108860492706299, 84.0, 1.0]}